Accuract, Precision, Recall, F1, AUC, TP, TN, FP, FN
0.5273681315193703,0.6194563662374821,0.12894031565065725,0.21345070422535214,0.5590231724994873,3031,21894,1862,20476
